,0,1,2,3,4,5,6
0,"Heterogeneous Graph-based Neural Network for Extractive Document Summarization
bart_base",Heterogeneous Graph Neural Networks for Extractive Document Summarization,"HETERSUMGRAPH: A Heterogeneous Graph-based Neural Network for Extractive Document Summarization
bart_xsum","Heterogeneous Graph-Based Neural Network for Extractive Document Summarization
t5_small","Heterogeneous Graph-based Neural Network for Extractive Document Summarization
pegasus_xsum"," Heterogeneous Graph-based Neural Network for Extractive Document Summarization
gpt2","As a crucial step in extractive document summarization, learning cross-sentence relations has been explored by a plethora of approaches. An intuitive way is to put them in the graph-based neural network, which has a more complex structure for capturing inter-sentence relationships. In this paper, we present a heterogeneous graph-based neural network for extractive summarization (HETERSUMGRAPH), which contains semantic nodes of different granularity levels apart from sentences. These additional nodes act as the intermediary between sentences and enrich the cross-sentence relations. Besides, our graph structure is flexible in natural extension from a single-document setting to multi-document via introducing document nodes. To our knowledge, we are the first one to introduce different types of nodes into graph-based neural networks for extractive document summarization and perform a comprehensive qualitative analysis to investigate their benefits. The code will be released on Github."
1,"Latent Semantic Indexing with Tensor Analysis for Question Retrieval in Community-based Question Answering(CQ
bart_cnn","A Unified Question Retrieval Model Based on Latent Semantic Indexing with Tensor Analysis
bart_base","A Unified Question Retrieval Model Based on Latent Semantic Indexing with Tensor Analysis
bart_xsum",Latent Semantic Tensor Indexing for Community-based Question Answering,"Unified Question Retrieval for Community-Based Question Answering
t5_small","A Unified Question Retrieval Model Based on Latent Semantic Indexing with tensor Analysis
pegasus_xsum","Retrieving similar questions is very important in community-based question answering(CQA). In this paper, we propose a unified question retrieval model based on latent semantic indexing with tensor analysis, which can capture word associations among different parts of CQA triples simultaneously. Thus, our method can reduce lexical chasm of question retrieval with the help of the information of question content and answer parts. The experimental result shows that our method outperforms the traditional methods."
2,"A Hybrid Generative/Discriminative Model of Word Segmentation with Nonparametric Bayesian Methods for Semi-
bart_cnn","A Hybrid Generative/Discriminative Model of Word Segmentation based on Nonparametric Bayesian Methods
bart_xsum","Hybrid Generative/Discriminative Model of Word Segmentation
t5_small","Semi-Supervised Word Segmentation with Nonparametric Bayesian Methods
bart_base","A Hybrid Generative/Discriminative Model for Semi-Supervised Word Segmentation
pegasus_xsum",Nonparametric Bayesian Semi-supervised Word Segmentation,"This paper presents a novel hybrid generative/discriminative model of word segmentation based on nonparametric Bayesian methods. Unlike ordinary discriminative word segmentation which relies only on labeled data, our semi-supervised model also leverages a huge amounts of unlabeled text to automatically learn new ""words"", and further constrains them by using a labeled data to segment non-standard texts such as those found in social networking services. Specifically, our hybrid model combines a discriminative classifier (CRF; Lafferty et al. (2001) and unsupervised word segmentation (NPYLM; Mochihashi et al. (2009)), with a transparent exchange of information between these two model structures within the semi-supervised framework (JESS-CM; Suzuki and Isozaki (2008)). We confirmed that it can appropriately segment non-standard texts like those in Twitter and Weibo and has nearly state-of-the-art accuracy on standard datasets in Japanese, Chinese, and Thai."
3,"A Computational Method for Estimating Orthographic Similarity between Romanian and Related Languages
bart_base",An Etymological Approach to Cross-Language Orthographic Similarity. Application on Romanian,"A Computational Method for Measuring Orthographic Similarity between Romanian and Related Languages
pegasus_xsum"," A Computational Method for Identifying Orthographic Similarity in Romanian
gpt2","Adaptive Orthographic Similarity Measures for Related Languages: A Computational Method for the Extraction of Etymons and Cogn
bart_cnn","Orthographic Similarity of Related Languages: A Computational Approach
bart_xsum","In this paper we propose a computational method for determining the orthographic similarity between Romanian and related languages. We account for etymons and cognates and we investigate not only the number of related words, but also their forms, quantifying orthographic similarities. The method we propose is adaptable to any language, as far as resources are available."
4,Analogical Reasoning on Chinese Morphological and Semantic Relations,"CA8: An Analogical Reasoning Task on Chinese
bart_base"," Chinese Analogical Reasoning with Vector Representations and Context Features
gpt2","Analogical Reasoning in Chinese: A Case Study on Morphological and Semantic Relations
bart_xsum","An Analogical Reasoning Task on Chinese
t5_small","CA8: An Analogical Collocation Task on Chinese
pegasus_xsum","Analogical reasoning is effective in capturing linguistic regularities. This paper proposes an analogical reasoning task on Chinese. After delving into Chinese lexical knowledge, we sketch 68 implicit morphological relations and 28 explicit semantic relations. A big and balanced dataset CA8 is then built for this task, including 17813 questions. Furthermore, we systematically explore the influences of vector representations, context features, and corpora on analogical reasoning. With the experiments, CA8 is proved to be a reliable benchmark for evaluating Chinese word embeddings."
5,"Conditional Masked Language Modeling for Non-Autoregressive Sequence Generation
bart_xsum","A Thresholding Approach to Conditional Masked Language Modeling for Semi-Autoregressive Sequence Generation with Conditional In
bart_cnn","Tresholding Conditional Masked Language Model Training for Machine Translation
bart_base"," Conditional Masking for Non-Autoregressive Sequence Generation
gpt2",Inference Strategies for Machine Translation with Conditional Masking,"Conditional Masked Language Model Training for Machine Translation
t5_small","Conditional masked language model (CMLM) training has proven successful for non-autoregressive and semi-autoregressive sequence generation tasks, such as machine translation. Given a trained CMLM, however, it is not clear what the best inference strategy is. We formulate masked inference as a factorization of conditional probabilities of partial sequences, show that this does not harm performance, and investigate a number of simple heuristics motivated by this perspective. We identify a thresholding strategy that has advantages over the standard ""mask-predict"" algorithm, and provide analyses of its behavior on machine translation tasks."
6,"Posterior-Driven Learning for Unsupervised Sequence Models
bart_base",Prototype-Driven Learning for Sequence Models,"Prototype-Driven Learning for Unsupervised Sequence Modeling
pegasus_xsum"," Speeding Up Prototype-Driven Learning for Unsupervised Sequence Modeling
gpt2","Prototype-Driven Learning for primarily Unsupervised Sequence Modeling
t5_small","Prototype-Driven Learning for Part-of-Speech Induction in Unsupervised Sequence Modeling using Sparse
bart_cnn","We investigate prototype-driven learning for primarily unsupervised sequence modeling. Prior knowledge is specified declaratively, by providing a few canonical examples of each target annotation label. This sparse prototype information is then propagated across a corpus using distributional similarity features in a log-linear generative model. On part-of-speech induction in English and Chinese, as well as an information extraction task, prototype features provide substantial error rate reductions over competitive baselines and outperform previous work. For example, we can achieve an English part-of-speech tagging accuracy of 80.5% using only three examples of each tag and no dictionary constraints. We also compare to semi-supervised learning and discuss the system’s error trends."
7,On Difficulties of Cross-Lingual Transfer with Order Differences: A Case Study on Dependency Parsing,"Cross-Lingual Transfer with Orderagnostic Architecture
t5_small","Cross-Lingual Transfer of Order-Agnostic Dependency Parsers with Recurrent Neural Networks and Modified Self-
bart_cnn","Dependency-Based Cross-Lingual Transfer: An Order Agnostic Approach
pegasus_xsum","Cross-Lingual Transfer and Self-Attentive Models
bart_base","Cross-Lingual Transferability of Dependency Parsers with Self-Attentive and RNNs
bart_xsum","Different languages might have different word orders. In this paper, we investigate crosslingual transfer and posit that an orderagnostic model will perform better when transferring to distant foreign languages. To test our hypothesis, we train dependency parsers on an English corpus and evaluate their transfer performance on 30 other languages. Specifically, we compare encoders and decoders based on Recurrent Neural Networks (RNNs) and modified self-attentive architectures. The former relies on sequential information while the latter is more flexible at modeling word order. Rigorous experiments and detailed analysis shows that RNN-based architectures transfer well to languages that are close to English, while self-attentive models have better overall cross-lingual transferability and perform especially well on distant languages."
8,An Analog Visual Pre-Processing Processor Employing Cyclic Line Access in Only-Nearest-Neighbor-Interconnects Architecture,"Directional Edge Filtering with Only-Nearest-Neighbor Interconnects
bart_xsum","An analog focalplane processor for directional edge filtering with 256 steps
pegasus_xsum","Directional Edge Filtering with a 128-Layer CMOS Chip
bart_base","An Analog Focal-plane Processor with Only Nearest-Neighbor Interconnects and CMOS Technology for Directional Edge
bart_cnn"," Directional Edge Filtering with Only Nearest Neighbor Interconnects
gpt2",An analog focal-plane processor having a 128 128 photodiode array has been developed for directional edge filtering. It can perform 4 4-pixel kernel convolution for entire pixels only with 256 steps of simple analog processing. Newly developed cyclic line access and row-parallel processing scheme in conjunction with the “only-nearest-neighbor interconnects” architecture has enabled a very simple implementation. A proof-of-conceptchip was fabricated in a 0.35m 2-poly 3-metal CMOS technology and the edge filtering at a rate of 200 frames/sec. has been experimentally demonstrated.
9,"Optimal Voting under Adversarial Noise
pegasus_xsum","A Voting Model of Optimal Voting under Adversarial Noise: Error-correcting Codes and the Accuracy of the Output Ranking
bart_cnn","Optimal Voting under Adversarial Noise
bart_base","Optimal Voting under Opponential Noise
t5_small",Voting Rules As Error-Correcting Codes,"Optimal Voting under Adversarial Noise.
bart_xsum","We present the first model of optimal voting under adversarial noise. From this viewpoint, voting rules are seen as errorcorrecting codes: their goal is to correct errors in the input rankings and recover a ranking that is close to the ground truth. We derive worst-case bounds on the relation between the average accuracy of the input votes, and the accuracy of the output ranking. Empirical results from real data show that our approach produces significantly more accurate rankings than alternative approaches."
10," Learning Word Embeddings with Fixed-Size Ordinally Forgetting Encoding
gpt2",Word Embeddings based on Fixed-Size Ordinally Forgetting Encoding,"Learning Word Embeddings Using Fixed-Size Ordinally forgetting Encoding
t5_small","FOFE: Learning Word Embeddings with Fixed-Size Ordinally Forgetting Encoding and Untruncated SVD
bart_cnn","Learning Word Embeddings Based on Fixed-Size Ordinally Forgetting Parser
pegasus_xsum","Learning Word Embeddings Based on Fixed-Size Ordinally Forgetting Encoding
bart_xsum","In this paper, we propose to learn word embeddings based on the recent fixed-size ordinally forgetting encoding (FOFE) method, which can almost uniquely encode any variable-length sequence into a fixed-size representation. We use FOFE to fully encode the left and right context of each word in a corpus to construct a novel word-context matrix, which is further weighted and factorized using truncated SVD to generate low-dimension word embedding vectors. We evaluate this alternate method in encoding word-context statistics and show the new FOFE method has a notable effect on the resulting word embeddings. Experimental results on several popular word similarity tasks have demonstrated that the proposed method outperforms other SVD models that use canonical count based techniques to generate word context matrices."
11,"A Non-Projective Parser for Dependency Parsing
bart_base",Non-Projective Dependency Parsing with Non-Local Transitions,"A Covington Non-Projective Parser for Long-Distance arcs
t5_small","Non-Local Transition-Based Non-Projective Parsing with No-Arcs
bart_xsum"," A Transition System Based on the Covington Non-Projective Parser
gpt2","Covington Non-Projective Parsing: A Novel Transition System with Non-Local Trajectories and No-Arcs Trans
bart_cnn","We present a novel transition system, based on the Covington non-projective parser, introducing non-local transitions that can directly create arcs involving nodes to the left of the current focus positions. This avoids the need for long sequences of No-Arcs transitions to create long-distance arcs, thus alleviating error propagation. The resulting parser outperforms the original version and achieves the best accuracy on the Stanford Dependencies conversion of the Penn Treebank among greedy transition-based parsers."
12,"A Semi-Supervised Learning Method for Identifying Time-Slot Events
t5_small",Time Period Identification of Events in Text," Naive Bayes Classifier for Time-Slots
gpt2","Time-Slave Event Classification Using Expectation Maximization
pegasus_xsum","Semi-supervised Learning for Time-Associative Event Classification using Naïve Bayes Classifier and Expectation Maximization
bart_cnn","Semi-supervised Learning of Time-Slots for Event Detection in Text
bart_xsum","This study aims at identifying when an event written in text occurs. In particular, we classify a sentence for an event into four time-slots; morning, daytime, evening, and night. To realize our goal, we focus on expressions associated with time-slot (time-associated words). However, listing up all the time-associated words is impractical, because there are numerous time-associated expressions. We therefore use a semi-supervised learning method, the Naïve Bayes classifier backed up with the Expectation Maximization algorithm, in order to iteratively extract time-associated words while improving the classifier. We also propose to use Support Vector Machines to filter out noisy instances that indicates no specific time period. As a result of experiments, the proposed method achieved 0.864 of accuracy and outperformed other methods."
13,"Log-based Query Expansion Models for Web Search
pegasus_xsum","Log-Based Query Expansion Models for Web Search
bart_base",Learning Lexicon Models from Search Logs for Query Expansion,"Log-Based Query Expansion Models for Web Search
t5_small","Lexicon Models for Log-Based Query Expansion in Web Search
bart_xsum"," Log-Based Query Expansion for Web Search
gpt2","This paper explores log-based query expansion (QE) models for Web search. Three lexicon models are proposed to bridge the lexical gap between Web documents and user queries. These models are trained on pairs of user queries and titles of clicked documents. Evaluations on a real world data set show that the lexicon models, integrated into a ranker-based QE system, not only significantly improve the document retrieval performance but also outperform two state-of-the-art log-based QE methods."
14," A Structural Investigation of Syntax Trees in Neural Networks
gpt2","A Structural Investigation of Syntax in Neural Word Representations
pegasus_xsum",A Structural Probe for Finding Syntax in Word Representations,"A Structural Probe for Detecting Syntactic Knowledge in Neural Word Representations
bart_xsum","Detecting Syntactic Knowledge in Neural Network Word Representations
bart_base","A Structural Probabilistic Investigation of Syntax Trees are Embedding Implicitly in Neural Network's Word Represent
bart_cnn","Recent work has improved our ability to detect linguistic knowledge in word representations. However, current methods for detecting syntactic knowledge do not test whether syntax trees are represented in their entirety. In this work, we propose a structural probe, which evaluates whether syntax trees are embedded in a linear transformation of a neural network's word representation space. The probe identifies a linear transformation under which squared L2 distance encodes the distance between words in the parse tree, and one in which squared L2 norm encodes depth in the parse tree. Using our probe, we show that such transformations exist for both ELMo and BERT but not in baselines, providing evidence that entire syntax trees are embedded implicitly in deep models' vector geometry."
15,"MILBoost: A Feature Selection Criterion of Viola-Jones for Object Detection using Multiple Instance Learning and Scaling
bart_cnn"," MILBoost: A Boosting Architecture for Image Object Detection
gpt2","MILBoost: Boosting Viola-Jones Detectors for Image Object Detection
bart_xsum","Boosting the Viola-Jones Detection Cascade
t5_small",Multiple Instance Boosting for Object Detection,"MILBoost: Multi-Instance Learning for Image Object Detection
pegasus_xsum","A good image object detection algorithm is accurate, fast, and does not require exact locations of objects in a training set. We can create such an object detector by taking the architecture of the Viola-Jones detector cascade and training it with a new variant of boosting that we call MILBoost. MILBoost uses cost functions from the Multiple Instance Learning literature combined with the AnyBoost framework. We adapt the feature selection criterion of MILBoost to optimize the performance of the Viola-Jones cascade. Experiments show that the detection rate is up to 1.6 times better using MILBoost. This increased detection rate shows the advantage of simultaneously learning the locations and scales of the objects in the training set along with the parameters of the classifier."
16,A Coactive Learning View of Online Structured Prediction in Statistical Machine Translation,"Online Parameter Tuning in Statistical Machine Translation via Weak Feedback from a Coactive Learning View and its Application to Interactive Learning
bart_cnn","Coactive Learning and Weak Feedback in Statistical Machine Translation
pegasus_xsum"," Online Parameter Tuning in Statistical Machine Translation
gpt2","Coactive Learning for Online Parameter Tuning in Statistics Machine Translation
t5_small","Coactive Learning for Online Parameter Tuning in Statistical Machine Translation
bart_base","We present a theoretical analysis of online parameter tuning in statistical machine translation (SMT) from a coactive learning view. This perspective allows us to give regret and generalization bounds for latent perceptron algorithms that are common in SMT, but fall outside of the standard convex optimization scenario. Coactive learning also introduces the concept of weak feedback, which we apply in a proofof-concept experiment to SMT, showing that learning from feedback that consists of slight improvements over predictions leads to convergence in regret and translation error rate. This suggests that coactive learning might be a viable framework for interactive machine translation. Furthermore, we find that surrogate translations replacing references that are unreachable in the decoder search space can be interpreted as weak feedback and lead to convergence in learning, if they admit an underlying linear model."
17,Quantifying the Limits and Success of Extractive Summarization Systems Across Domains,"Automatic Text Summarization across Domains: Topic Identification and the ROUGE Score Distribution
bart_xsum","Topic Identification for Single-Document Summarization Using Exhaustive Search Strategy and Quantified Explanations from News Article Summar
bart_cnn","The Topic Identification stage of Single-Document Automatic Text Summarization
bart_base","Topic Identification of Single-Document Automatic Text Summarization
t5_small","Quantifying the Success of Extractive Summarization across Domains
pegasus_xsum","This paper analyzes the topic identification stage of single-document automatic text summarization across four different domains, consisting of newswire, literary, scientific and legal documents. We present a study that explores the summary space of each domain via an exhaustive search strategy, and finds the probability density function (pdf) of the ROUGE score distributions for each domain. We then use this pdf to calculate the percentile rank of extractive summarization systems. Our results introduce a new way to judge the success of automatic summarization systems and bring quantified explanations to questions such as why it was so hard for the systems to date to have a statistically significant improvement over the lead baseline in the news domain."
18,"Learning Event Knowledge from Noisy Web Content using Prototypical Temporality Constrained Optimization and Data-Driven
bart_cnn"," Learning Event Knowledge from Photograph Albums
gpt2","Learning Multimodal Event Structure from Noisy Web Content
bart_base","Learning Multimodal Knowledge of Event Structure from Photo Album Collections
pegasus_xsum",Learning Prototypical Event Structure from Photo Albums,"Learning Event Structure from Large Collection of Photo Albums
t5_small","Activities and events in our lives are structural, be it a vacation, a camping trip, or a wedding. While individual details vary, there are characteristic patterns that are specific to each of these scenarios. For example, a wedding typically consists of a sequence of events such as walking down the aisle, exchanging vows, and dancing. In this paper, we present a data-driven approach to learning event knowledge from a large collection of photo albums. We formulate the task as constrained optimization to induce the prototypical temporal structure of an event, integrating both visual and textual cues. Comprehensive evaluation demonstrates that it is possible to learn multimodal knowledge of event structure from noisy web content."
19,"Latent Semantic Indexing with Tensor Analysis for Question Retrieval in Community-based Question Answering(CQ
bart_cnn"," Latent Semantic Indexing for Question Retrieval
gpt2","A Unified Question Retrieval Model Based on Latent Semantic Indexing with Tensor Analysis
bart_xsum","A Unified Question Retrieval Model Based on Latent Semantic Indexing with Tensor Analysis
bart_base","Unified Question Retrieval for Community-Based Question Answering
t5_small",Latent Semantic Tensor Indexing for Community-based Question Answering,"Retrieving similar questions is very important in community-based question answering(CQA). In this paper, we propose a unified question retrieval model based on latent semantic indexing with tensor analysis, which can capture word associations among different parts of CQA triples simultaneously. Thus, our method can reduce lexical chasm of question retrieval with the help of the information of question content and answer parts. The experimental result shows that our method outperforms the traditional methods."
20,"Knowledge Triplet Learning for Zero-Shot Question Answering
bart_xsum","Self-Supervised Question Answering with Knowledge Triplet Learning
t5_small","Knowledge Triplet Learning for Question Answering over Knowledge Graphs
bart_base","Knowledge Triplet Learning for Zero-Shot Question Answering
pegasus_xsum","Knowledge Triplet Learning for Zero-shot Question Answering: Improving Answer Generation by Knowledge Graphs over Knowledge Graph
bart_cnn",Self-Supervised Knowledge Triplet Learning for Zero-Shot Question Answering,"The aim of all Question Answering (QA) systems is to generalize to unseen questions. Current supervised methods are reliant on expensive data annotation. Moreover, such annotations can introduce unintended annotator bias, making systems focus more on the bias than the actual task. This work proposes Knowledge Triplet Learning (KTL), a self-supervised task over knowledge graphs. We propose heuristics to create synthetic graphs for commonsense and scientific knowledge. We propose using KTL to perform zero-shot question answering, and our experiments show considerable improvements over large pre-trained transformer language models."
21,"Grounding Word-like Acoustic Units in Spoken Language
pegasus_xsum","Learning to Ground Words in Images by Grounding them in Acoustic Regions
bart_xsum","Automatic Grounding of Acoustic Units in the Sound of Lighthouses: An Application to Image Recognition and Grounding
bart_cnn","Learning to Ground Acoustic Units in Spoken Language
bart_base",Learning Word-Like Units from Joint Audio-Visual Analysis," Recognizing Word-Like Acoustic Units in Continuous Speech
gpt2","Given a collection of images and spoken audio captions, we present a method for discovering word-like acoustic units in the continuous speech signal and grounding them to semantically relevant image regions. For example, our model is able to detect spoken instances of the word 'lighthouse' within an utterance and associate them with image regions containing lighthouses. We do not use any form of conventional automatic speech recognition, nor do we use any text transcriptions or conventional linguistic annotations. Our model effectively implements a form of spoken language acquisition, in which the computer learns not only to recognize word categories by sound, but also to enrich the words it learns with semantics by grounding them in images."
22,Detecting Fine-Grained Cross-Lingual Semantic Divergences without Supervision by Learning to Rank,"Learning to Rank Synthetic Divergence Examples for Fine-Grained Semantic Disambiguation
pegasus_xsum"," Learning to Rank Fine-Grained Semantic Divergences
gpt2","Learning to Rank Synthetic Divergences for Cross-Lingual NLP
bart_base","Learning to Rank for Fine-grained Semantic Divergences in Multilingual BERT Models: A Case Study on the
bart_cnn","Learning to Rank Fine-Grained Semantic Divergences for Multilingual BERT
t5_small","Detecting fine-grained differences in content conveyed in different languages matters for cross-lingual NLP and multilingual corpora analysis, but it is a challenging machine learning problem since annotation is expensive and hard to scale. This work improves the prediction and annotation of fine-grained semantic divergences. We introduce a training strategy for multilingual BERT models by learning to rank synthetic divergent examples of varying granularity. We evaluate our models on the Rationalized English-French Semantic Divergences, a new dataset released with this work, consisting of English-French sentence-pairs annotated with semantic divergence classes and token-level rationales. Learning to rank helps detect fine-grained sentence-level divergences more accurately than a strong sentence-level similarity model, while token-level predictions have the potential of further distinguishing between coarse and fine-grained divergences."
23,GlossBoot: Bootstrapping Multilingual Domain Glossaries from the Web,"Gloss: Minimally-Supervised Acquisition of Wide-Coverage Domain Glossaries
pegasus_xsum","Bootstrapping Domain Terminologies and Glossaries from the Web
bart_base","GlossBoot: A Minimally-Supervised Approach to Domain Glossary Acquisition from the Web
bart_xsum"," G Glossary Bootstrapping for Domain Glossary Acquisition
gpt2","GlossBoot: A Minimally-Supervised Approach to Domain Acquisition
t5_small","We present GlossBoot, an effective minimally-supervised approach to acquiring wide-coverage domain glossaries for many languages. For each language of interest, given a small number of hypernymy relation seeds concerning a target domain, we bootstrap a glossary from the Web for that domain by means of iteratively acquired term/gloss extraction patterns. Our experiments show high performance in the acquisition of domain terminologies and glossaries for three different languages."
24,"Adaptive Cross-Domain Classification by Learning Domain Specific Features from Unlabeled Data
bart_xsum","Adapting Cross-Domain Classification by Iteratively Learning Domain Specific Features from Unlabeled Test Data with Similarity between Domains
bart_cnn"," Adapting Classification Model by Learning Domain Specific Features
gpt2","Adaptive Cross-Domain Classification by Iteratively Learning Domain Specific Features
bart_base","Iteratively Learning Domain Specific Features from Unlabeled Test Data
t5_small",An Iterative Similarity based Adaptation Technique for Cross-domain Text Classification,"Supervised machine learning classification algorithms assume both train and test data are sampled from the same domain or distribution. However, performance of the algorithms degrade for test data from different domain. Such cross domain classification is arduous as features in the test domain may be different and absence of labeled data could further exacerbate the problem. This paper proposes an algorithm to adapt classification model by iteratively learning domain specific features from the unlabeled test data. Moreover, this adaptation transpires in a similarity aware manner by integrating similarity between domains in the adaptation setting. Cross-domain classification experiments on different datasets, including a real world dataset, demonstrate efficacy of the proposed algorithm over state-of-theart."
25,"Efficient Storyline Extraction and Reconstruction for Web2.0 News Events
bart_xsum","Storylines Extraction and Reconstruction for Complex News Events
t5_small",Summarizing Complex Events: a Cross-Modal Solution of Storylines Extraction and Reconstruction," A Unified Story Extraction and Reconstruction Approach
gpt2","A Unified Approach to Storyline Reconstruction and Reconstruction in Web2.0
bart_base","Extracting and Reconstructing Storylines for Complex News Events
pegasus_xsum","The rapid development of Web2.0 leads to significant information redundancy. Especially for a complex news event, it is difficult to understand its general idea within a single coherent picture. A complex event often contains branches, intertwining narratives and side news which are all called storylines. In this paper, we propose a novel solution to tackle the challenging problem of storylines extraction and reconstruction. Specifically, we first investigate two requisite properties of an ideal storyline. Then a unified algorithm is devised to extract all effective storylines by optimizing these properties at the same time. Finally, we reconstruct all extracted lines and generate the high-quality story map. Experiments on real-world datasets show that our method is quite efficient and highly competitive, which can bring about quicker, clearer and deeper comprehension to readers."
26,"Lemmatisation, Lexical Resources, Distributional Semantics and Paraphrases for Dialogue Management: The Impact of
bart_cnn"," Using Distributional Semantics and Lexical Resources for Dialogue Management
gpt2","Evaluating Dialogue Management with Lemmatisation, Lexical Resources, Distributional Semantics and Paraphrases
t5_small",Using Paraphrases and Lexical Semantics to Improve the Accuracy and the Robustness of Supervised Models in Situated Dialogue Systems,"What do Lexical Resources, Distributional Semantics and Paraphrases Teach Us about Supervised Dialogue Management?
pegasus_xsum","On the Impact of Lexical Resources, Distributional Semantics and Paraphrases on Dialogue Management
bart_base","This paper explores to what extent lemmatisation, lexical resources, distributional semantics and paraphrases can increase the accuracy of supervised models for dialogue management. The results suggest that each of these factors can help improve performance but that the impact will vary depending on their combination and on the evaluation mode."
27,"Learning Subjectivity Classifiers with Bootstrapping Algorithms
t5_small","Learning Subjectivity Classifiers from Subjective Nouns using Bootstrapping Algorithms and Extraction Patterns for Subjectivity
bart_cnn","Subjectivity Classification Using Bootstrapping Algorithms and Discourse Features
bart_base","Exploiting Extraction Patterns to Learn Subjectivity for Classifying Sentences
pegasus_xsum",Learning subjective nouns using extraction pattern bootstrapping,"Learning Subjective Nouns for Subjectivity Classification
bart_xsum","We explore the idea of creating a subjectivity classifier that uses lists of subjective nouns learned by bootstrapping algorithms. The goal of our research is to develop a system that can distinguish subjective sentences from objective sentences. First, we use two bootstrapping algorithms that exploit extraction patterns to learn sets of subjective nouns. Then we train a Naive Bayes classifier using the subjective nouns, discourse features, and subjectivity clues identified in prior research. The bootstrapping algorithms learned over 1000 subjective nouns, and the subjectivity classifier performed well, achieving 77% recall with 81% precision."
28,"Combining Training and Cross-Validation with Unbiased Estimation of the Classification Risk: A Case Study on Complementary
bart_cnn","Comparative-Label Learning with a Non-negative Correction and Gradient Ascent
t5_small"," A Non-Linear Approach to Complementary-Label Learning
gpt2","Cross-validation of complementary-label learning with an unbiased risk estimator
pegasus_xsum",Complementary-Label Learning for Arbitrary Losses and Models,"An Unbiased Risk Estimation for Complementary-Label Learning
bart_xsum","In contrast to the standard classification paradigm where the true class is given to each training pattern, complementary-label learning only uses training patterns each equipped with a complementary label, which only specifies one of the classes that the pattern does not belong to. The goal of this paper is to derive a novel framework of complementary-label learning with an unbiased estimator of the classification risk, for arbitrary losses and models—all existing methods have failed to achieve this goal. Not only is this beneficial for the learning stage, it also makes model/hyper-parameter selection (through crossvalidation) possible without the need of any ordinarily labeled validation data, while using any linear/non-linear models or convex/non-convex loss functions. We further improve the risk estimator by a non-negative correction and gradient ascent trick, and demonstrate its superiority through experiments."
29,Automatic Grammatical Error Correction for Sequence-to-sequence Text Generation: An Empirical Study," Improving Text Generation with Grammatical Error Correction
gpt2","Empirical Study on Grammatical Error Correction for Sequence-to-Sequence Generation
pegasus_xsum","Improving Text Generation via Grammatical Error Correction and Task-Oriented Generation of Sentences without Grammatical Errors Using Se
bart_cnn","Automatic Grammatical Error Correction for Sequence-to-Sequence Text Generation
bart_xsum","How much Grammatical Error Correction Can Improve Sequence-to-Sequence Text Generation?
bart_base","Sequence-to-sequence (seq2seq) models have achieved tremendous success in text generation tasks. However, there is no guarantee that they can always generate sentences without grammatical errors. In this paper, we present a preliminary empirical study on whether and how much automatic grammatical error correction can help improve seq2seq text generation. We conduct experiments across various seq2seq text generation tasks including machine translation, formality style transfer, sentence compression and simplification. Experiments show the state-of-the-art grammatical error correction system can improve the grammaticality of generated text and can bring task-oriented improvements in the tasks where target sentences are in a formal style."
