,0,1,2,3,4,5,6
0,"Leveraging user-provided translation to constrain NMT has practical significance. Existing methods can be classified into two main categories, namely the use of placeholder tags for lexicon words and the use of hard constraints during decoding. Both methods can hurt translation fidelity for various reasons. We investigate a data augmentation method, making code-switched training data by replacing source phrases with their target translations. Our method does not change the MNT model or decoding algorithm, allowing the model to learn lexicon translations by copying source-side target words. Extensive experiments show that our method achieves consistent improvements over existing approaches, improving translation of constrained words without hurting unconstrained words.",Improving Neural Machine Translation with Source-side Data Augmentation<bart_xsum>,Data Augmentation for Neural Machine Translation with Hard Lexicon Constraints and Source-side Target Words Using Code-Switched<bart_cnn>,Leveraging User-provided Translation to Constrained Neural Words<t5_small>,Data Augmentation for Constraint-Free Translation of Lexicon Words<pegasus_xsum>,Code-Switching for Enhancing NMT with Pre-Specified Translation<original>, Data Augmentation for Constrained NMT<gpt2>
1,This paper presents three hybrid models that directly combine latent Dirichlet allocation and word embedding for distinguishing between speakers with and without Alzheimer's disease from transcripts of picture descriptions. Two of our models get F-scores over the current state-of-the-art using automatic methods on the DementiaBank dataset.,Latent Dirichlet Allocation and Word Embedding for Detecting Alzheimer's Disease from Transcripts of Descriptions<bart_base>, Combining Latent Dirichlet Allocation and Word Embedding for Detecting Alzheimer's<gpt2>,Latent Dirichlet Allocation and Word Embedding for Alzheimer's Disease Recognition<pegasus_xsum>,Hybrid Word Embeddings and Latent Dirichlet Allocation for Alzheimer's Disease Detection<bart_xsum>,Augmenting word2vec with latent Dirichlet allocation within a clinical application<original>,Combining Latent Dirichlet allocation and word embedding for distinguishing speakers with and without Alzheimer's disease<t5_small>
2,Binarization of grammars is crucial for improving the complexity and performance of parsing and translation. We present a versatile binarization algorithm that can be tailored to a number of grammar formalisms by simply varying a formal parameter. We apply our algorithm to binarizing tree-to-string transducers used in syntax-based machine translation.,A Versatile Algorithm for Binarizing Tree-to-String Transducers<bart_xsum>,Binarization of Grammars for Statistical Machine Translation using Tree-to-String Transducers and its Application to Binar<bart_cnn>,A Versatile Binarization Algorithm for Parsing and Machine Translation<pegasus_xsum>,Binarization of Grammars for Syntax-Based Machine Translation<bart_base>,General binarization for parsing and translation<original>,Binarization of Grammatical Formalisms<t5_small>
3,"Distant-supervised relation extraction inevitably suffers from wrong labeling problems because it heuristically labels relational facts with knowledge bases. Previous sentence level denoise models don't achieve satisfying performances because they use hard labels which are determined by distant supervision and immutable during training. To this end, we introduce an entity-pair level denoise method which exploits semantic information from correctly labeled entity pairs to correct wrong labels dynamically during training. We propose a joint score function which combines the relational scores based on the entity-pair representation and the confidence of the hard label to obtain a new label, namely a soft label, for certain entity pair. During training, soft labels instead of hard labels serve as gold labels. Experiments on the benchmark dataset show that our method dramatically reduces noisy instances and outperforms other state-of-the-art systems.",Entity-Pair Level Denoise for Distant-Supervised Relation Extraction with Soft Label Combination and Joint Score Function<bart_cnn>,Entity-Pair Level Denoise for Distant-Supervised Relation Extraction<bart_base>,Entity-Pair Level Denoise for Distant Relation Extraction<pegasus_xsum>, Entity-pair Level Denoising for Relation Extraction<gpt2>,Entity-Pair Level Denoise for Distant-Supervised Relation Extraction<t5_small>,A Soft-label Method for Noise-tolerant Distantly Supervised Relation Extraction<original>
4,"We show that it is feasible to perform entity linking by training a dual encoder (two-tower) model that encodes mentions and entities in the same dense vector space, where candidate entities are retrieved by approximate nearest neighbor search. Unlike prior work, this setup does not rely on an alias table followed by a re-ranker, and is thus the first fully learned entity retrieval model. We show that our dual encoder, trained using only anchor-text links in Wikipedia, outperforms discrete alias table and BM25 baselines, and is competitive with the best comparable results on the standard TACKBP-2010 dataset. In addition, it can retrieve candidates extremely fast, and generalizes well to a new dataset derived from Wikinews. On the modeling side, we demonstrate the dramatic value of an unsupervised negative mining algorithm for this task.",Learning Dense Representations for Entity Retrieval<original>,Entity Linking via Dual Encoding and Zero-Rank Re-ranking<bart_xsum>,Entity Linking with a Dual Parser<pegasus_xsum>, Unsupervised Entity Linking via Dual Encoders<gpt2>,Dual Encoders for Entity Linking in Dense Two-Towered Datasets: An Unsupervised Negative Mining<bart_cnn>,Learning Entity Linking with Dual Encoders<t5_small>
5,"Are word-level affect lexicons useful in detecting emotions at sentence level? Some prior research finds no gain over and above what is obtained with ngram features—arguably the most widely used features in text classification. Here, we experiment with two very different emotion lexicons and show that even in supervised settings, an affect lexicon can provide significant gains. We further show that while ngram features tend to be accurate, they are often unsuitable for use in new domains. On the other hand, affect lexicon features tend to generalize and produce better results than ngrams when applied to a new domain.",Affect Lexicons for Word-Level Emotions Detection<t5_small>,Are Affect Lexicons useful for detecting emotions at sentence level?<bart_xsum>,Are Affect Lexicons Useful for Sentence Level Emotion Detection?<bart_base>,Are Word-Level Affect Lexicons Useful in Detecting Emotional Sentences at Sentence Level? A Case Study on Text Classification<bart_cnn>,Portable Features for Classifying Emotional Text<original>,Are Word-Level Affect Lexicons Useful for Detecting Emotions in Text?<pegasus_xsum>
6,"Relation extraction suffers from a performance loss when a model is applied to out-of-domain data. This has fostered the development of domain adaptation techniques for relation extraction. This paper evaluates word embeddings and clustering on adapting feature-based relation extraction systems. We systematically explore various ways to apply word embeddings and show the best adaptation improvement by combining word cluster and word embedding information. Finally, we demonstrate the effectiveness of regularization for the adaptability of relation extractors.",Adapting Feature-Based Relation Extraction Systems with Word Embeddings and Clustering<pegasus_xsum>,Domain Adaptation for Relation Extraction Using Word Embeddings and Word Clustering<bart_base>,Employing Word Representations and Regularization for Domain Adaptation of Relation Extraction<original>,Word Embeddings and Clustering for Relative Extraction<t5_small>, Adapting Word Embeddings and Clustering for Out-of-Domain Relation Extraction<gpt2>,Domain Adaptation of Feature-based Relation Extraction with Word Embeddings and Clustering<bart_xsum>
7,"Many natural language processing applications use language models to generate text. These models are typically trained to predict the next word in a sequence, given the previous words and some context such as an image. However, at test time the model is expected to generate the entire sequence from scratch. This discrepancy makes generation brittle, as errors may accumulate along the way. We address this issue by proposing a novel sequence level training algorithm that directly optimizes the metric used at test time, such as BLEU or ROUGE. On three different tasks, our approach outperforms several strong baselines for greedy generation. The method is also competitive when these baselines employ beam search, while being several times faster.",Sequence Level Training for Generative Adversarial Learning<pegasus_xsum>,Sequence Level Training with Recurrent Neural Networks<original>, Sequence Level Training for Natural Language Generation<gpt2>,Sequence Level Training for Greedy Generation of Text<bart_base>,A Sequence Level Training Algorithm for Greedy Text Generation<bart_xsum>,Towards a Sequence Level Training Algorithm for Greedy Generation of Natural Language Texts using Beam Search and BLEU<bart_cnn>
8,"In multi-task learning (MTL), multiple tasks are learnt jointly. A major assumption for this paradigm is that all those tasks are indeed related so that the joint training is appropriate and beneficial. In this paper, we study the problem of multi-task learning of shared feature representations among tasks, while simultaneously determining “with whom” each task should share. We formulate the problem as a mixed integer programming and provide an alternating minimization technique to solve the optimization problem of jointly identifying grouping structures and parameters. The algorithm monotonically decreases the objective function and converges to a local optimum. Compared to the standard MTL paradigm where all tasks are in a single group, our algorithm improves its performance with statistical significance for three out of the four datasets we have studied. We also demonstrate its advantage over other task grouping techniques investigated in literature.",Learning with Whom to Share in Multi-task Feature Learning.<original>,Mixed Integer Programming for Joint Multi-Task Learning of Shared Feature Representations<bart_xsum>,Joint Multi-Task Learning of Shared Feature Representations<t5_small>,Multi-Task Learning of Shared Feature Representations with Alternating Minimization<bart_base>,Multi-task Learning of Shared Feature Representations among Tasks: A Mixed Integer Programming Algorithm and Alternating Minimization<bart_cnn>, Multi-Task Learning of Shared Feature Representations<gpt2>
9,"We propose sparsemax, a new activation function similar to the traditional softmax, but able to output sparse probabilities. After deriving its properties, we show how its Jacobian can be efficiently computed, enabling its use in a network trained with backpropagation. Then, we propose a new smooth and convex loss function which is the sparsemax analogue of the logistic loss. We reveal an unexpected connection between this new loss and the Huber classification loss. We obtain promising empirical results in multi-label classification problems and in attention-based neural networks for natural language inference. For the latter, we achieve a similar performance as the traditional softmax, but with a selective, more compact, attention focus.",From Softmax to Sparsemax: A Sparse Model of Attention and Multi-Label Classification<original>,Sparsemax: Sparse activation with smooth and convex loss.<bart_xsum>,Sparsemax: Sparsemax for Natural Language Inference with Jacobian and Attention-based Neural Networks in Backpropag<bart_cnn>,Sparsemax and Smoothed Convex Loss for Neural Networks<pegasus_xsum>, SparseMax: A Sparse Activation Function for Neural Networks<gpt2>,Sparsemax: A Segmentation Function for Multi-Label Classification<t5_small>
10,"We present a novel transition system for dependency parsing, which constructs arcs only between adjacent words but can parse arbitrary non-projective trees by swapping the order of words in the input. Adding the swapping operation changes the time complexity for deterministic parsing from linear to quadratic in the worst case, but empirical estimates based on treebank data show that the expected running time is in fact linear for the range of data attested in the corpora. Evaluation on data from five languages shows state-of-the-art accuracy, with especially good results for the labeled",A Transition System for Dependency Parsing with arcs<t5_small>,A Transition System for Dependency Parsing with Order Swapping<bart_xsum>,Non-Projective Dependency Parsing in Expected Linear Time<original>, A Transition System for Dependency Parsing<gpt2>,A Transition System for Dependency Parsing with Treebanks<bart_base>,A Transition System for Dependency Parsing with Word Swapping<pegasus_xsum>
11,"This paper provides a binary, token-based classification of German particle verbs (PVs) into literal vs. non-literal usage. A random forest improving standard features (e.g., bagof-words; affective ratings) with PV-specific information and abstraction over common nouns significantly outperforms the majority baseline. In addition, PV-specific classification experiments demonstrate the role of shared particle semantics and semantically related base verbs in PV meaning shifts.",Distinguishing Literal and Non-Literal Usage of German Particle Verbs<original>,Token-Based Classification of German Particle Verbs<bart_base>,"Binary, token-based Classification of German Particle Verbs into Literal vs. Non-literal Use<t5_small>",A Random Forest Approach to German Particle Verb Classification<pegasus_xsum>, A Binary Classification of German Particle Verbs<gpt2>,A Random Forest-based Classification of Particle Verbs into Literal vs. Non-literal Usage: An Application to<bart_cnn>
12,"We demonstrate that current state-of-the-art approaches to Automated Essay Scoring (AES) are not well-suited to capturing adversarially crafted input of grammatical but incoherent sequences of sentences. We develop a neural model of local coherence that can effectively learn connectedness features between sentences, and propose a framework for integrating and jointly training the local coherence model with a state-of-the-art AES model. We evaluate our approach against a number of baselines and experimentally demonstrate its effectiveness on both the AES task and the task of flagging adversarial input, further contributing to the development of an approach that strengthens the validity of neural essay scoring models.",Local Coherence Models for Automated Essay Scoring.<t5_small>,Neural Automated Essay Scoring and Coherence Modeling for Adversarially Crafted Input<original>, Neural Essay Scoring with Local Coherence<gpt2>,Learning Local Coherence for Automated Essay Scoring<bart_base>,Neural Coherence Modeling for Automated Essay Scoring: A Case Study on Text-Driven Neural Essay<bart_cnn>,A Neural Local Coherence Model for Automated Essay Scoring<pegasus_xsum>
13,"Existing timeline generation systems for complex events consider only information from traditional media, ignoring the rich social context provided by user-generated content that reveals representative public interests or insightful opinions. We instead aim to generate socially-informed timelines that contain both news article summaries and selected user comments. We present an optimization framework designed to balance topical cohesion between the article and comment summaries along with their informativeness and coverage of the event. Automatic evaluations on real-world datasets that cover four complex events show that our system produces more informative timelines than state-of-theart systems. In human evaluation, the associated comment summaries are furthermore rated more insightful than editor’s picks and comments ranked highly by users.",Generation of Socially-Informed Timelines for Complex Events<pegasus_xsum>,Generating Social-Informed Timelines for Complex Events: An Optimization Framework for News Article Summarization and Comment Sum<bart_cnn>, Generating Social-Informed Timelines for Complex Events<gpt2>,Socially-Informed Timeline Generation for Complex Events<original>,Generating Social-Informed Timeline Generation for Complex Events with Article Summaries and User Comments<bart_xsum>,Social Timeline Generation with News Article Summaries and Comments<bart_base>
14,"Recent work raises concerns about the use of standard splits to compare natural language processing models. We propose a Bayesian statistical model comparison technique which uses k-fold cross-validation across multiple data sets to estimate the likelihood that one model will outperform the other, or that the two will produce practically equivalent results. We use this technique to rank six English part-of-speech taggers across two data sets and three evaluation metrics.",Is the Best Better? Bayesian Statistical Model Comparison for Natural Language Processing<original>,K-fold Cross-Validation for Bayesian Part-of-Speech Tagging<bart_base>,Bayesian Statistical Model Comparison for Part-of-Speech Tagging<pegasus_xsum>,A Bayesian Analysis of Part-of-Speech Tagger<t5_small>,Bayesian statistical model comparison for part-of-speech taggers using k-folding cross-validation and cross-<bart_cnn>, Bayesian Statistical Model Comparison Using Cross-Validation<gpt2>
15,"Modelling compositional meaning for sentences using empirical distributional methods has been a challenge for computational linguists. We implement the abstract categorical model of Coecke et al. (2010) using data from the BNC and evaluate it. The implementation is based on unsupervised learning of matrices for relational words and applying them to the vectors of their arguments. The evaluation is based on the word disambiguation task developed by Mitchell and Lapata (2008) for intransitive sentences, and on a similar new experiment designed for transitive sentences. Our model matches the results of its competitors in the first experiment, and betters them in the second. The general improvement in results with increase in syntactic complexity showcases the compositional power of our model.",Compositional Meaning for Intransitive Sentences with Empirical Distributional Methods<t5_small>,Modelling Compositional Meaning for Sentences with Unsupervised Learning of Words<pegasus_xsum>,Experimental Support for a Categorical Compositional Distributional Model of Meaning<original>,Modelling Compositional Meaning for Sentences Using Unsupervised Learning of Word Matrices<bart_xsum>,An Abstract Categorical Model for Compositional Meaning of Sentences<bart_base>, Abstract Categorical Modeling of Compositional Meaning<gpt2>
16,"In this paper, we present a Chinese event extraction system. We point out a language specific issue in Chinese trigger labeling, and then commit to discussing the contributions of lexical, syntactic and semantic features applied in trigger labeling and argument labeling. As a result, we achieved competitive performance, specifically, F-measure of 59.9 in trigger labeling and F-measure of 43.8 in argument labeling.","A Chinese Event Extraction System with Lexical, Syntactic and Semantic Features<bart_xsum>","Chinese Event Extraction Using Lexical, Syntactic and Semantic Features<bart_base>"," Chinese Event Extraction with Lexical, Syntactic and Semantic Features<gpt2>",Chinese Event Extraction System for Chinese Trigger Labeling<t5_small>,Language Specific Issue and Feature Exploration in Chinese Event Extraction<original>,Chinese Event Extraction Using Language Specific Issues in Trigger Labeling and Argument Labeling: An Empirical Study of Chinese Trigger<bart_cnn>
17,"We formulate the novel task of automatically updating an existing natural language comment based on changes in the body of code it accompanies. We propose an approach that learns to correlate changes across two distinct language representations, to generate a sequence of edits that are applied to the existing comment to reflect the source code modifications. We train and evaluate our model using a dataset that we collected from commit histories of open-source software projects, with each example consisting of a concurrent update to a method and its corresponding comment. We compare our approach against multiple baselines using both automatic metrics and human evaluation. Results reflect the challenge of this task and that our model outperforms baselines with respect to making edits.",Automatic Comment Update Based on Source Code Changes<bart_xsum>, Automatic Update of Natural Language Commentaries<gpt2>,Learning to Update Natural Language Comments Based on Code Changes<original>,Learning to Correlate Language Representations for Automatic Comment Retrieval of Natural Language Comments in Open-Source Software Projections<bart_cnn>,Automatic Update of an existing Comment Based on Changes in the Body of Code<bart_base>,Automatic Updates to Existing Natural Language Systems<pegasus_xsum>
18,"Although users’ preference is semantically reflected in the free-form review texts, this wealth of information was not fully exploited for learning recommender models. Specifically, almost all existing recommendation algorithms only exploit rating scores in order to find users’ preference, but ignore the review texts accompanied with rating information. In this paper, we propose a novel matrix factorization model (called TopicMF) which simultaneously considers the ratings and accompanied review texts. Experimental results on 22 real-world datasets show the superiority of our model over the state-of-the-art models, demonstrating its effectiveness for recommendation tasks.",TopicMF: Simultaneously Exploiting Ratings and Reviews for Recommendation<original>,TopicMF: A Novel Matrix Factorization Model for Recommendation Texts<pegasus_xsum>,TopicMF: A Matrix Factorization Model for Recommendation in Review Texts<bart_base>,TopicMF: A Topic Factorization Model for Recommendation in Free-Form Review Texts with High-Rank Ratings and Att<bart_cnn>,TopicMF: A Matrix Factorization Model for Free-form Review Texts<t5_small>,TopicMF: A Matrix Factorization Model for Learning Recommender Models from Free-Form Reviews<bart_xsum>
19,"We consider the multi-agent reinforcement learning setting with imperfect information. The reward function depends on the hidden goals of both agents, so the agents must infer the other players’ goals from their observed behavior in order to maximize their returns. We propose a new approach for learning in these domains: Self Other-Modeling (SOM), in which an agent uses its own policy to predict the other agent’s actions and update its belief of their hidden goal in an online manner. We evaluate this approach on three different tasks and show that the agents are able to learn better policies using their estimate of the other players’ goals, in both cooperative and competitive settings.",Self Other-Modeling for Multi-Agent Reinforcement Learning with Imperfect Information: Self-Predicting Hidden Goal Actions<bart_cnn>,Self Other-Modeling for Multi-Agent reinforcement learning with imperfect information<t5_small>, Self Other-Modeling for Multi-Agent Reinforcement Learning<gpt2>,Self Other-Modeling for Multi-Agent Reinforcement Learning with Imperfect Information<bart_base>,Modeling Others using Oneself in Multi-Agent Reinforcement Learning<original>,Self- Other-Modeling for Multi-Agent Reinforcement Learning with Imperfect Information<pegasus_xsum>
20,"Previous work introduced transition-based algorithms to form a unified architecture of parsing rhetorical structures (including span, nuclearity and relation), but did not achieve satisfactory performance. In this paper, we propose that transition-based model is more appropriate for parsing the naked discourse tree (i.e., identifying span and nuclearity) due to data sparsity. At the same time, we argue that relation labeling can benefit from naked tree structure and should be treated elaborately with consideration of three kinds of relations including within-sentence, across-sentence and across-paragraph relations. Thus, we design a pipelined two-stage parsing method for generating an RST tree from text. Experimental results show that our method achieves state-of-the-art performance, especially on span and nuclearity identification.", Transition-based Parsing of Discourse Trees<gpt2>,Pipeline-based Parsing of Discourse Trees for RST and Relation Labeling<bart_xsum>,Pipelined Two-Stage Parsing of Named Discourse Trees<bart_base>,"Transition-based RST Parsing for Span, Nuclearity and Relation Labeling with Nondescourse Tree Structure<bart_cnn>",A Two-Stage Parsing Method for Text-Level Discourse Analysis<original>,Transition-Based Parsing of Null Discourse Trees<t5_small>
21,"The weak equivalence of Combinatory Categorial Grammar (CCG) and Tree-Adjoining Grammar (TAG) is a central result of the literature on mildly context-sensitive grammar formalisms. However, the categorial formalism for which this equivalence has been established differs significantly from the versions of CCG that are in use today. In particular, it allows restriction of combinatory rules on a per grammar basis, whereas modern CCG assumes a universal set of rules, isolating all cross-linguistic variation in the lexicon. In this article we investigate the formal significance of this difference. Our main result is that lexicalized versions of the classical CCG formalism are strictly less powerful than TAG.",Combinatory Categorial Grammar and Tree-Adjoining Grammar: A Weak Equivalence but an Empir<bart_xsum>,Lexicalized versions of the classic CCG formalism are less powerful than TAG<pegasus_xsum>,The Weak Equivalence of Combinatory Categorial Grammar and Tree-Adjoining Grammar: An Empirical<bart_cnn>,Combinatory Categorial Grammar and Tree-Adjoining Grammar<t5_small>, Weak Equivalence of CCG and Tree-Adjoining Grammar<gpt2>,Lexicalization and Generative Power in CCG<original>
22,"This paper introduces a model of multipleinstance learning applied to the prediction of aspect ratings or judgments of specific properties of an item from usercontributed texts such as product reviews. Each variable-length text is represented by several independent feature vectors; one word vector per sentence or paragraph. For learning from texts with known aspect ratings, the model performs multipleinstance regression (MIR) and assigns importance weights to each of the sentences or paragraphs of a text, uncovering their contribution to the aspect ratings. Next, the model is used to predict aspect ratings in previously unseen texts, demonstrating interpretability and explanatory power for its predictions. We evaluate the model on seven multi-aspect sentiment analysis data sets, improving over four MIR baselines and two strong bag-of-words linear models, namely SVR and Lasso, by more than 10% relative in terms of MSE.",Explaining the Stars: Weighted Multiple-Instance Learning for Aspect-Based Sentiment Analysis<original>, Multiple Instance Regression for Aspect Rating Prediction<gpt2>,MultipleInstance Learning for Predicting Aspect Ratings from User-contributed Texts<pegasus_xsum>,Multiple-Instance Learning for Predicting Aspect Ratings from Texts<bart_xsum>,MultipleInstance Learning for Aspect Rating Prediction from Texts with Known Aspects<bart_base>,MultipleInstance Regression for Aspect Ratings and Their Impact on Sentiment Analysis from Texts with Weercontributed Multiple-<bart_cnn>
23,"We present a simple approach for text infilling, the task of predicting missing spans of text at any position in a document. While infilling could enable rich functionality especially for writing assistance tools, more attention has been devoted to language modeling-a special case of infilling where text is predicted at the end of a document. In this paper, we aim to extend the capabilities of language models (LMs) to the more general task of infilling. To this end, we train (or fine tune) off-the-shelf LMs on sequences containing the concatenation of artificially-masked text and the text which was masked. We show that this approach, which we call infilling by language modeling, can enable LMs to infill entire sentences effectively on three different domains: short stories, scientific abstracts, and lyrics. Furthermore, we show that humans have difficulty identifying sentences infilled by our approach as machine-generated in the domain of short stories.",Enabling Language Models to Fill in the Blanks<original>,"Text Infilling by Language Modeling: A Case Study on Short Stories, Scientific Abstracts, and Lyrics<bart_xsum>", Text Infilling with Language Modeling<gpt2>,Text Infilling by Language Modeling<pegasus_xsum>,Text Infilling by Language Modeling<bart_base>,Language Modeling for Infilling Texts<t5_small>
24,"In this paper, we target at improving the performance of multi-label emotion classification with the help of sentiment classification. Specifically, we propose a new transfer learning architecture to divide the sentence representation into two different feature spaces, which are expected to respectively capture the general sentiment words and the other important emotion-specific words via a dual attention mechanism. Experimental results on two benchmark datasets demonstrate the effectiveness of our proposed method.",Improving Multi-label Emotion Classification via Sentiment Classification with Dual Attention Transfer Network<original>,Multi-Label Emotion Classification with Sentiment Classification<t5_small>,Transfer Learning for Multi-label Emotion Classification with a Dual Attention Mechanism via a Dual Neural Network Based on Sentence Represent<bart_cnn>, Transfer Learning for Multi-label Emotion Classification<gpt2>,Transfer Learning for Multi-label Emotion Classification with the Help of Sentiment Classification<bart_xsum>,Transfer Learning for Multi-Label Emotion Classification<bart_base>
25,"In this paper we study the identification and verification of simple claims about statistical properties, e.g. claims about the population or the inflation rate of a country. We show that this problem is similar to extracting numerical information from text and following recent work, instead of annotating data for each property of interest in order to learn supervised models, we develop a distantly supervised baseline approach using a knowledge base and raw text. In experiments on 16 statistical properties about countries from Freebase we show that our approach identifies simple statistical claims about properties with 60% precision, while it is able to verify these claims without requiring any explicit supervision for either tasks. Furthermore, we evaluate our approach as a statistical property extractor and we show it achieves 0.11 mean absolute percentage error.",Identification and Verification of Simple Claims about Statistical Properties Using a Distantly Supervised Baseline Based on Knowledge Base and Raw<bart_cnn>,Identification and Verification of Simple Statistical Claims without Supervision<bart_xsum>,Identification and Verification of Simple Statistical Properties about Countries<t5_small>,Identification and Verification of Simple Claims about Statistical Properties<original>, Identification and Verification of Simple Claims about Statistical Properties<gpt2>,Automatic Identification and Verification of Simple Claims about Statistical Properties<bart_base>
26,"Even for common NLP tasks, sufficient supervision is not available in many languages - morphological tagging is no exception. In the work presented here, we explore a transfer learning scheme, whereby we train character-level recurrent neural taggers to predict morphological taggings for high-resource languages and low-resource languages together. Learning joint character representations among multiple related languages successfully enables knowledge transfer from the high-resource languages to the low-resource ones.",Character-Level Recurrent Neural Tagging for Morphological Tagging<bart_base>,Learning Character-Level Recurrent Neural Tagging for High-resource Languages and Low-Resource Languages using Transfer Learning in NLP<bart_cnn>,Transfer Learning for Morphological Tagging in High-Resource Languages<t5_small>,Cross-lingual Character-Level Neural Morphological Tagging<original>, Learning Joint Character Representations for Morphological Tagging<gpt2>,Transfer Learning for Character-Level Morphological Tagging<pegasus_xsum>
27,"Recurrent neural network (RNN) has achieved remarkable performance in text categorization. RNN can model the entire sequence and capture long-term dependencies, but it does not do well in extracting key patterns. In contrast, convolutional neural network (CNN) is good at extracting local and position-invariant features. In this paper, we present a novel model named disconnected recurrent neural network (DRNN), which incorporates position-invariance into RNN. By limiting the distance of information flow in RNN, the hidden state at each time step is restricted to represent words near the current position. The proposed model makes great improvements over RNN and CNN models and achieves the best performance on several benchmark datasets for text categorization.",Disconnected Recurrent Neural Network for Text Categorization<bart_xsum>, Disconnected Recurrent Neural Network for Text Categorization<gpt2>,Disconnected Recurrent Neural Network for Text Categorization<t5_small>,Connected Recurrent Neural Network for Text Categorization<bart_base>,Disconnected Recurrent Neural Network for Text Categorization<pegasus_xsum>,Disconnected Recurrent Neural Networks for Text Categorization<original>
28,"We prove bounds on the generalization error of convolutional networks. The bounds are in terms of the training loss, the number of parameters, the Lipschitz constant of the loss and the distance from the weights to the initial weights. They are independent of the number of pixels in the input, and the height and width of hidden feature maps. We present experiments using CIFAR-10 with varying hyperparameters of a deep convolutional network, comparing our bounds with practical generalization gaps.",CIFAR-10 with Hyperparameters of Deep Convolutional Network<t5_small>,Bounds on the Error of Convolutional Networks<pegasus_xsum>,Generalization bounds for deep convolutional neural networks<original>,Bounds on Generalization Error of Convolutional Networks<bart_base>, Bounds on the Generalization Error of Convolutional Networks<gpt2>,Bounds on the Generalization Error of Convolutional Networks with Applications to CIFAR-10 Bounds and Hidden Feature Maps<bart_cnn>
29,"The goal of inverse reinforcement learning is to find a reward function for a Markov decision process, given example traces from its optimal policy. Current IRL techniques generally rely on user-supplied features that form a concise basis for the reward. We present an algorithm that instead constructs reward features from a large collection of component features, by building logical conjunctions of those component features that are relevant to the example policy. Given example traces, the algorithm returns a reward function as well as the constructed features. The reward function can be used to recover a full, deterministic, stationary policy, and the features can be used to transplant the reward function into any novel environment on which the component features are well defined.", Inverse Reinforcement Learning with Logical Conjunctions<gpt2>,Feature Construction for Inverse Reinforcement Learning<original>,Inverse Reinforcement Learning with Component Features.<bart_xsum>,Inverse Reinforcement Learning with Component Features.<bart_base>,Inverse Reinforcement Learning with Logical Combinations<t5_small>,Inverse Reinforcement Learning by Constructing Reward Features<pegasus_xsum>
30,"We present a novel response generation system that can be trained end to end on large quantities of unstructured Twitter conversations. A neural network architecture is used to address sparsity issues that arise when integrating contextual information into classic statistical models, allowing the system to take into account previous dialog utterances. Our dynamic-context generative models show consistent gains over both context-sensitive and non-context-sensitive Machine Translation and Information Retrieval baselines.",Learning to Generate Responses from Twitter Conversations<bart_xsum>,Dynamic-Context Generative Models for End-to-End Neural Response Generation<pegasus_xsum>,Dynamic-Context Generative Models for Unstructured Twitter Conversations with Context-sensitive Machine Translation and Information Retrieval Systems<bart_cnn>, End-to-End Response Generation with Neural Networks<gpt2>,Neural Response Generation for Unstructured Twitter Conversations<t5_small>,A Neural Network Approach to Context-Sensitive Generation of Conversational Responses<original>
31,"Linking pronominal expressions to the correct references requires, in many cases, better analysis of the contextual information and external knowledge. In this paper, we propose a two-layer model for pronoun coreference resolution that leverages both context and external knowledge, where a knowledge attention mechanism is designed to ensure the model leveraging the appropriate source of external knowledge based on different context. Experimental results demonstrate the validity and effectiveness of our model, where it outperforms state-of-the-art models by a large margin.",A Two-Layer Model for Pronoun Coreference Resolution Based on External Knowledge and Contextual Information Leveraging Context and External<bart_cnn>,A Two-Layer Model for Pronoun Coreference Resolution with Knowledge Attention<bart_xsum>,A Two-Layer Model for Pronoun Coreference Resolution with Context and External Knowledge<pegasus_xsum>, A Two-Layer Model for Pronominal Expressions<gpt2>,Incorporating Context and External Knowledge for Pronoun Coreference Resolution<original>,A Two-layer Pronoun Coreference Resolution with Knowledge Attention<t5_small>
32,"In this paper, we propose new methods to learn Chinese word representations. Chinese characters are composed of graphical components, which carry rich semantics. It is common for a Chinese learner to comprehend the meaning of a word from these graphical components. As a result, we propose models that enhance word representations by character glyphs. The character glyph features are directly learned from the bitmaps of characters by convolutional auto-encoder(convAE), and the glyph features improve Chinese word representations which are already enhanced by character embeddings. Another contribution in this paper is that we created several evaluation datasets in traditional Chinese and made them public.",Learning Chinese Word Representations by Character Glyphens<t5_small>,Learning Chinese Word Representations From Glyphs Of Characters<original>,Convolutional Auto-encoder for Chinese Word Representations<pegasus_xsum>,Learning Chinese Word Representations with Character Glyphs<bart_xsum>, Learning Chinese Word Representations with Character Glyphs<gpt2>,Learning Chinese Word Representations by Character G glyphs<bart_base>
33,"Building models for realistic natural language tasks requires dealing with long texts and accounting for complicated structural dependencies. Neural-symbolic representations have emerged as a way to combine the reasoning capabilities of symbolic methods, with the expressiveness of neural networks. However, most of the existing frameworks for combining neural and symbolic representations have been designed for classic relational learning tasks that work over a universe of symbolic entities and relations. In this paper, we present DRaiL, an open-source declarative framework for specifying deep relational models, designed to support a variety of NLP scenarios. Our framework supports easy integration with expressive language encoders, and provides an interface to study the interactions between representation, inference and learning.",Modeling Content and Context with Deep Relational Learning<original>,DRaiL: An Open-Source Declarative Framework for Deep Relational Modeling with Symbolic and Symbolic Represent<bart_cnn>,DRaiL: A Deep Relational Modeling Framework for Natural Language Processing<bart_xsum>, DRaiL: Deep Relational Models for Natural Language Tasks<gpt2>,DRaiL: A Deep Relational Model for Natural Language Processing<bart_base>,DRaiL: An Open-Source Declarative Framework for Combining Symbolic and Neural Models<pegasus_xsum>
34,"Abstract Meaning Representation (AMR) research has mostly focused on English. We show that it is possible to use AMR annotations for English as a semantic representation for sentences written in other languages. We exploit an AMR parser for English and parallel corpora to learn AMR parsers for Italian, Spanish, German and Chinese. Qualitative analysis show that the new parsers overcome structural differences between the languages. We further propose a method to evaluate the parsers that does not require gold standard data in the target languages. This method highly correlates with the gold standard evaluation, obtaining a Pearson correlation coefficient of 0.95.",AMR Parsing for English and Parallel Corpora: A Qualitative Analysis of the Role of AMR Parsers in AM<bart_cnn>,Improving AMR Parsing for English and Parallel Corpora Using AMR Annotations<bart_base>, Learning Semantic Parsers for English Using Parallel Corpora<gpt2>,Cross-Lingual Abstract Meaning Representation Parsing<original>,Learning Abstract Meaning Representations for Sentences Written in Other Languages<pegasus_xsum>,Learning AMR Parsers for Languages Other than English<bart_xsum>
35,"In this paper, we propose a novel pretraining-based encoder-decoder framework, which can generate the output sequence based on the input sequence in a two-stage manner. For the encoder of our model, we encode the input sequence into context representations using BERT. For the decoder, there are two stages in our model, in the first stage, we use a Transformer-based decoder to generate a draft output sequence. In the second stage, we mask each word of the draft sequence and feed it to BERT, then by combining the input sequence and the draft representation generated by BERT, we use a Transformer-based decoder to predict the refined word for each masked position. To the best of our knowledge, our approach is the first method which applies the BERT into text generation tasks. As the first step in this direction, we evaluate our proposed method on the text summarization task. Experimental results show that our model achieves new state-of-the-art on both CNN/Daily Mail and New York Times datasets.",Pretraining-Based Natural Language Generation for Text Summarization<original>,A Two-Stage Pretraining-Based Transformer-based Sequence Generation Method<pegasus_xsum>, Towards Text Generation with Pretraining-Based Encoders<gpt2>,Pretraining-based Encoder-Decoder for Text Summarization<bart_base>,Pretraining-based encoder-decoder framework for text generation<t5_small>,Pretraining-based Encoder-decoder for Textual Summarization Using Transformer-based Neural Network Representation<bart_cnn>
36,"Argument mining is a core technology for automating argument search in large document collections. Despite its usefulness for this task, most current approaches are designed for use only with specific text types and fall short when applied to heterogeneous texts. In this paper, we propose a new sentential annotation scheme that is reliably applicable by crowd workers to arbitrary Web texts. We source annotations for over 25,000 instances covering eight controversial topics. We show that integrating topic information into bidirectional long short-term memory networks outperforms vanilla BiLSTMs by more than 3 percentage points in F1 in two- and three-label cross-topic settings. We also show that these results can be further improved by leveraging additional data for topic relevance using multi-task learning.",Sentential Annotation for Argument Mining in Web Texts<t5_small>, Sentential Annotation of Web Texts<gpt2>,Cross-topic Argument Mining from Heterogeneous Sources<original>,Sentential Annotation for Argument Mining on Web Texts Using Multi-Task Learning and Bidirectional Long Short-Term Memory<bart_cnn>,Sentential Argument Mining for Heterogeneous Web Texts<pegasus_xsum>,Argument Mining for Web Texts with Topic Relevance<bart_base>
37,"Text-based games present a unique challenge for autonomous agents to operate in natural language and handle enormous action spaces. In this paper, we propose the Contextual Action Language Model (CALM) to generate a compact set of action candidates at each game state. Our key insight is to train language models on human gameplay, where people demonstrate linguistic priors and a general game sense for promising actions conditioned on game history. We combine CALM with a reinforcement learning agent which re-ranks the generated action candidates to maximize in-game rewards. We evaluate our approach using the Jericho benchmark, on games unseen by CALM during training. Our method obtains a 69% relative improvement in average game score over the previous state-of-the-art model. Surprisingly, on half of these games, CALM is competitive with or better than other models that have access to ground truth admissible actions. Code and data are available at https://github.com/princeton-nlp/calm-textgame.",Contextual Action Language Models for Text-based Games<t5_small>,CALM: A Contextual Action Language Model for Text-Based Games in Natural Language and Social Media Using Reinforcement Learning<bart_cnn>, Contextual Action Language Model<gpt2>,Contextual Action Language Model for Text-Based Games<pegasus_xsum>,CALM: Contextual Action Language Model for Text-based Games<bart_xsum>,Keep CALM and Explore: Language Models for Action Generation in Text-based Games<original>
38,"Spectral clustering is one of the most popular clustering approaches. Despite its good performance, it is limited in its applicability to large-scale problems due to its high computational complexity. Recently, many approaches have been proposed to accelerate the spectral clustering. Unfortunately, these methods usually sacrifice quite a lot information of the original data, thus result in a degradation of performance. In this paper, we propose a novel approach, called Landmark-based Spectral Clustering (LSC), for large scale clustering problems. Specifically, we select p ( n) representative data points as the landmarks and represent the original data points as the linear combinations of these landmarks. The spectral embedding of the data can then be efficiently computed with the landmark-based representation. The proposed algorithm scales linearly with the problem size. Extensive experiments show the effectiveness and efficiency of our approach comparing to the state-of-the-art methods.", Landmark-based Spectral Clustering for Large Scale Clustering<gpt2>,Landmark-based Spectral Clustering for Large-Scale Problem Resolution<bart_xsum>,Landmark-based Spectral Clustering: Landmark-Based Representation and Algorithm for Large-Scale Clust<bart_cnn>,Landmark-based Spectral Clustering for Large Scale Clustering<t5_small>,Large Scale Spectral Clustering with Landmark-Based Representation<original>,Landmark-based Spectral Clustering for Large Scale Problems<bart_base>
39,We develop a scalable deep non-parametric generative model by augmenting deep Gaussian processes with a recognition model. Inference is performed in a novel scalable variational framework where the variational posterior distributions are reparametrized through a multilayer perceptron. The key aspect of this reformulation is that it prevents the proliferation of variational parameters which otherwise grow linearly in proportion to the sample size. We derive a new formulation of the variational lower bound that allows us to distribute most of the computation in a way that enables to handle datasets of the size of mainstream deep learning tasks. We show the efficacy of the method on a variety of challenges including deep unsupervised learning and deep Bayesian optimization.,Scalable Deep Non-parametric Generative Models via Multilayer Perceptron Reparametrizing<bart_xsum>, Deep Nonparametric Generative Models<gpt2>,Scalable Deep Non-parametric Generative Models<t5_small>,A Scalable Variational Model for Deep Gaussian Processes with a Multilayer Perceptron Reparametrized<bart_cnn>,Scaling Non-Parametric Generative Models<pegasus_xsum>,Variational Auto-encoded Deep Gaussian Processes<original>
40,Most of the current automated essay scoring (AES) systems are trained using manually graded essays from a specific prompt. These systems experience a drop in accuracy when used to grade an essay from a different prompt. Obtaining a large number of manually graded essays each time a new prompt is introduced is costly and not viable. We propose domain adaptation as a solution to adapt an AES system from an initial prompt to a new prompt. We also propose a novel domain adaptation technique that uses Bayesian linear ridge regression. We evaluate our domain adaptation technique on the publicly available Automated Student Assessment Prize (ASAP) dataset and show that our proposed technique is a competitive default domain adaptation algorithm for the AES task.,Domain Adaptation for Automated Essay Scoring<bart_base>,Domain Adaptation for Automated Essay Scoring Using Bayesian Linear-Ridge Regression using Domain Adaptation and Domain<bart_cnn>,Domain Adaptation for Automated Essay Scoring<t5_small>,Domain Adaptation for Automated Essay Scoring<bart_xsum>, Domain Adaptation for Automatic Essay Scoring<gpt2>,Flexible Domain Adaptation for Automated Essay Scoring Using Correlated Linear Regression<original>
41,"Evidence-based medicine is an approach whereby clinical decisions are supported by the best available findings gained from scientific research. This requires efficient access to such evidence. To this end, abstracts in evidence-based medicine can be labeled using a set of predefined medical categories, the socalled PICO criteria. This paper presents an approach to automatically annotate sentences in medical abstracts with these labels. Since both structural and sequential information are important for this classification task, we use kLog, a new language for statistical relational learning with kernels. Our results show a clear improvement with respect to state-of-the-art systems.",Automatic Classification of Evidence-Based Medical Abstracts Using PICO Criteria and Statistical Relational Learning with Kernels for Clinical<bart_cnn>,Automatic Classification of Abstracts in Evidence-Based Medicine Using kLog<bart_xsum>,Classification of Medical Abstracts Using k-Log Kernels<pegasus_xsum>,Automatic Labeling of Medical Abstracts in Evidence-Based medicine<bart_base>,Automatic Annotation of Sentences in Evidence-Based Medicine<t5_small>,A Statistical Relational Learning Approach to Identifying Evidence Based Medicine Categories<original>
42,"We present KB-UNIFY, a novel approach for integrating the output of different Open Information Extraction systems into a single unified and fully disambiguated knowledge repository. KB-UNIFY consists of three main steps: (1) disambiguation of relation argument pairs via a sensebased vector representation and a large unified sense inventory; (2) ranking of semantic relations according to their degree of specificity; (3) cross-resource relation alignment and merging based on the semantic similarity of domains and ranges. We tested KB-UNIFY on a set of four heterogeneous knowledge bases, obtaining high-quality results. We discuss and provide evaluations at each stage, and release output and evaluation data for the use and scrutiny of the community1.",KB-UN: Integrating Open Information Extraction Systems into a Unified Knowledge Repository<pegasus_xsum>,KB-UNIFY: Unified Disambiguation and Alignment of Heterogeneous Knowledge Bases<bart_xsum>,KB-UNIFY: Unified and Fully Disambiguated Knowledge Repository for Open Information Extraction<t5_small>,Knowledge Base Unification via Sense Embeddings and Disambiguation<original>,KB-UNIFY: A Unified and Fully Disambiguated Knowledge Base for Open Information Extraction<bart_base>,KB-UNIFY: Jointly Disambiguating Relation Argument Pairs and Sense-Based Representations for Open Information<bart_cnn>
43,"We introduce a novel precedence reordering approach based on a dependency parser to statistical machine translation systems. Similar to other preprocessing reordering approaches, our method can efficiently incorporate linguistic knowledge into SMT systems without increasing the complexity of decoding. For a set of five subject-object-verb (SOV) order languages, we show significant improvements in BLEU scores when translating from English, compared to other reordering approaches, in state-of-the-art phrase-based SMT systems.",Dependency Parsing for Preprocessing Preprocessing Statistical Machine Translation Systems<t5_small>,Using a Dependency Parser to Improve SMT for Subject-Object-Verb Languages<original>, Parse-Based Preference Reordering for Statistical Machine Translation<gpt2>,A Dependency Parser for Statistical Machine Translation<bart_base>,Precedence Reordering Based on a Dependency Parser for Statistical Machine Translation of Subject-Object-Verb Ordering<bart_cnn>,A Dependency Parser for Pre-processing Reordering in Statistical Machine Translation<bart_xsum>
44,"Recently research has started focusing on avoiding undesired effects that come with content moderation, such as censorship and overblocking, when dealing with hatred online. The core idea is to directly intervene in the discussion with textual responses that are meant to counter the hate content and prevent it from further spreading. Accordingly, automation strategies, such as natural language generation, are beginning to be investigated. Still, they suffer from the lack of sufficient amount of quality data and tend to produce generic/repetitive responses. Being aware of the aforementioned limitations, we present a study on how to collect responses to hate effectively, employing large scale unsupervised language models such as GPT-2 for the generation of silver data, and the best annotation strategies/neural architectures that can be used for data filtering before expert validation/post-editing.",Collecting Responses to Hate: A Case Study on Unsupervised Generation of Textual Response to Hateful Content<bart_xsum>,Using Textual Responses to Hass in Online Discussion<t5_small>,Collecting Responses to Hate with Unsupervised Language Models<bart_base>,Generating Counter Narratives against Online Hate Speech: Data and Strategies<original>,Automation Strategies to Collect Responses to Hate in Online Discussions: An Empirical Study of the Role of Content Moder<bart_cnn>,Collecting Responses to Hate on Social Media<pegasus_xsum>
45,"Most real-world document collections involve various types of metadata, such as author, source, and date, and yet the most commonly-used approaches to modeling text corpora ignore this information. While specialized models have been developed for particular applications, few are widely used in practice, as customization typically requires derivation of a custom inference algorithm. In this paper, we build on recent advances in variational inference methods and propose a general neural framework, based on topic models, to enable flexible incorporation of metadata and allow for rapid exploration of alternative models. Our approach achieves strong performance, with a manageable tradeoff between perplexity, coherence, and sparsity. Finally, we demonstrate the potential of our framework through an exploration of a corpus of articles about US immigration.",Variational Inference for Text Corpora Modeling<t5_small>,Neural Models for Documents with Metadata<original>,Variational Inference of Text Corpora with Topic Models<bart_base>,Modeling Text Corpora with Topic Models and Variational Inference<bart_xsum>,Topic Models for Text Corpora with Metadata<pegasus_xsum>,Neural Variational Inference for Document Collection Modelling with Topic Models: An Exploration of US News Articles about US Immigration Data<bart_cnn>
46,"While unsupervised anaphoric zero pronoun (AZP) resolvers have recently been shown to rival their supervised counterparts in performance, it is relatively difficult to scale them up to reach the next level of performance due to the large amount of feature engineering efforts involved and their ineffectiveness in exploiting lexical features. To address these weaknesses, we propose a supervised approach to AZP resolution based on deep neural networks, taking advantage of their ability to learn useful task-specific representations and effectively exploit lexical features via word embeddings. Our approach achieves stateof-the-art performance when resolving the Chinese AZPs in the OntoNotes corpus.",Chinese Zero Pronoun Resolution with Deep Neural Networks<original>, Unsupervised Anaphoric Zero Pronoun Resolution with Deep Neural Networks<gpt2>,Supervised Zero Pronoun Resolution with Deep Neural Networks<t5_small>,Supervised Anaphoric Zero Pronoun Resolution with Neural Networks<pegasus_xsum>,Supervised Zero Pronoun Resolution with Deep Lexical Features and Word Embeddings via Word Representation Leveraging Neural Networks<bart_cnn>,Supervised Anaphoric Zero Pronoun Resolution with Deep Neural Networks<bart_xsum>
47,"Abstractive document summarization is a comprehensive task including document understanding and summary generation, in which area Transformer-based models have achieved the state-of-the-art performance. Compared with Transformers, topic models are better at learning explicit document semantics, and hence could be integrated into Transformers to further boost their performance. To this end, we rearrange and explore the semantics learned by a topic model, and then propose a topic assistant (TA) including three modules. TA is compatible with various Transformer-based models and user-friendly since i) TA is a plug-and-play model that does not break any structure of the original Transformer network, making users easily fine-tune Transformer+TA based on a well pre-trained model; ii) TA only introduces a small number of extra parameters. Experimental results on three datasets demonstrate that TA is able to improve the performance of several Transformer-based models.",Friendly Topic Assistant for Transformer Based Abstractive Summarization<original>,Transformer-Based Abstractive Document Summarization with Topic Assistant<bart_base>,Topic Assistant for Transformer Summarization: A Plug-and-play Model and a Task-Oriented Topic Assistant<bart_cnn>,Topic Assistant: A Plug-and-play Transformer for Abstractive Document Summarization<pegasus_xsum>, A Topic Assistant for Abstractive Document Summarization<gpt2>,Topic Assistant: A Plug-and-Play Topic Model for Abstractive Document Summarization<bart_xsum>
48,We use SVM classifiers to predict the next action of a deterministic parser that builds labeled projective dependency graphs in an incremental fashion. Non-projective dependencies are captured indirectly by projectivizing the training data for the classifiers and applying an inverse transformation to the output of the parser. We present evaluation results and an error analysis focusing on Swedish and Turkish., Non-Projective Dependency Parsing with Projectivization<gpt2>,Projective Dependency Parsing with SVM Classifiers.<bart_xsum>,Labeled Pseudo-Projective Dependency Parsing with Support Vector Machines<original>,SVM Classifiers for Deterministic Parsing<t5_small>,Predicting the Next Action of a Deterministic Parser using SVM Classifiers<bart_base>,Predicting the Next Action of a Deterministic Parser using SVMs<pegasus_xsum>
49,"We present a novel approach to efficiently learn a label tree for large scale classification with many classes. The key contribution of the approach is a technique to simultaneously determine the structure of the tree and learn the classifiers for each node in the tree. This approach also allows fine grained control over the efficiency vs accuracy trade-off in designing a label tree, leading to more balanced trees. Experiments are performed on large scale image classification with 10184 classes and 9 million images. We demonstrate significant improvements in test accuracy and efficiency with less training time and more balanced trees compared to the previous state of the art by Bengio et al.", Learning Label Trees for Large Scale Classification<gpt2>,Learning Label Trees for Large Scale Image Classification<t5_small>,Learning Label Trees for Large Scale Image Classification with Many Classes<bart_base>,Fast and Balanced: Efficient Label Tree Learning for Large Scale Object Recognition<original>,Efficient Learning of Label Trees for Large Scale Classification with Many Classifiers and More Balanced Tree Structure Tasks. A Case Study<bart_cnn>,Learning a Label Tree for Large Scale Image Classification<pegasus_xsum>
